Témiscamingue, 46.93778, -79.24056
La Haute-Côte-Nord, 48.15000, -69.71667
Lac-Saint-Jean-Est, 48.66278, -71.82500
Portneuf, 47.08278, -72.24472
Lac-Saint-Jean-Est, 48.57556, -71.62444
Le Haut-Richelieu, 45.35583, -73.27028
Gatineau, 45.47833, -75.70139
Pontiac, 45.72000, -76.65083
Coaticook, 45.05278, -71.71028
Matane, 48.75722, -67.79167
Montréal, 45.47667, -73.68694
Abitibi-Ouest, 48.66667, -78.68333
Nord-du-Québec, 58.68639, -77.70083
Nord-du-Québec, 62.27833, -77.62555
Nord-du-Québec, 58.69278, -76.58778
Nord-du-Québec, 58.90528, -75.57056
Nord-du-Québec, 59.69333, -69.86972
Nord-du-Québec, 58.70000, -69.93333
Nord-du-Québec, 59.71306, -75.46750
Le Haut-Saint-Laurent, 45.14222, -74.01500
La Vallée-de-l'Or, 47.53444, -77.04556
La Tuque, 47.64944, -74.15361
Témiscamingue, 46.75583, -79.04444
Montmagny, 47.01833, -70.67667
Sept-Rivières – Caniapiscau, 50.39306, -66.16528
Témiscamingue, 46.71667, -79.10000
Témiscouata, 47.68333, -68.88333
Gatineau, 45.49278, -75.60500
Gatineau, 45.49389, -75.58833
Gatineau, 45.48333, -75.70250
Les Collines-de-l'Outaouais, 45.52833, -75.80194
Roussillon, 45.36500, -73.65306
La Haute-Yamaska, 45.42528, -72.70639
Deux-Montagnes, 45.49611, -74.14278
Argenteuil, 45.64333, -74.74583
Longueuil, 45.53333, -73.50000
D'Autray, 46.29944, -73.40000
La Rivière-du-Nord, 45.86444, -74.06667
Portneuf, 46.67750, -71.71972
Francheville, 46.34333, -72.60472
Argenteuil, 45.64167, -74.73972
La Vallée-du-Richelieu, 45.60194, -73.24444
Deux-Montagnes, 45.48639, -74.12972
Argenteuil, 45.52694, -74.33167
Drummond, 45.84694, -72.38750
Vaudreuil-Soulanges, 45.20972, -74.31639
Vaudreuil-Soulanges, 45.39056, -73.98889
Témiscouata, 47.71806, -68.77778
Les Moulins, 45.70000, -73.63333
Le Saguenay-et-son-Fjord, 48.45611, -71.17000
Beauce-Sartigan, 45.93833, -70.40083
Minganie – Le Golfe-du-Saint-Laurent, 50.70278, -59.32306
Pierre-De Saurel, 46.07167, -73.06556
Montréal, 45.60306, -73.52528
La Jacques-Cartier, 47.05028, -71.42944
Roussillon, 45.39917, -73.63306
Papineau, 45.73583, -75.31889
Les Jardins-de-Napierville, 45.11861, -73.56833
Les Jardins-de-Napierville, 45.04556, -73.68694
Minganie – Le Golfe-du-Saint-Laurent, 51.80917, -57.55472
Minganie – Le Golfe-du-Saint-Laurent, 51.56833, -57.72889
Minganie – Le Golfe-du-Saint-Laurent, 51.37361, -57.19222
Les Appalaches, 46.10000, -71.30000
Les Appalaches, 46.11528, -71.26528
Bonaventure, 48.08806, -65.48667
Mékinac, 46.80528, -72.46500
Pontiac, 45.78528, -76.48806
Montréal, 45.47000, -73.85972
Pontiac, 45.75000, -76.43333
Pontiac, 45.74056, -76.38972
Pontiac, 45.68750, -76.36694
Papineau, 45.60000, -75.25000
La Vallée-de-l'Or, 48.31389, -77.30833
Memphrémagog, 45.08111, -72.11833
Le Domaine-du-Roy, 48.69417, -72.48583
Sept-Rivières – Caniapiscau, 50.87222, -65.95667
Montréal, 45.44167, -73.90167
La Tuque, 47.96778, -74.76417
Nord-du-Québec, 60.01361, -77.28639
Arthabaska, 45.88333, -71.95000
Nord-du-Québec, 62.40694, -76.34472
Nord-du-Québec, 51.99917, -78.70972
Le Val-Saint-François, 45.52111, -71.98583
Le Granit, 45.65722, -71.22083
La Tuque, 48.35389, -74.64111
Memphrémagog, 45.06000, -72.13361
Minganie – Le Golfe-du-Saint-Laurent, 51.46972, -57.93722
Sept-Rivières – Caniapiscau, 51.02167, -65.85222
Gatineau, 45.47778, -75.73139
Sept-Rivières – Caniapiscau, 50.02722, -67.00556
Sept-Rivières – Caniapiscau, 51.61306, -68.07778
Témiscamingue, 46.81556, -78.77111
Minganie – Le Golfe-du-Saint-Laurent, 49.43889, -63.10694
Minganie – Le Golfe-du-Saint-Laurent, 49.53944, -63.34722
Minganie – Le Golfe-du-Saint-Laurent, 49.80500, -63.62194
Rimouski-Neigette, 48.03056, -67.95556
Témiscamingue, 46.76167, -78.76222
Sept-Rivières – Caniapiscau, 49.76500, -67.45694
Minganie – Le Golfe-du-Saint-Laurent, 49.71194, -63.21222
La Côte-de-Beaupré, 47.16389, -71.18389
La Haute-Gaspésie, 49.15944, -66.41444
Manicouagan, 49.81472, -68.69417
Sept-Rivières – Caniapiscau, 50.22083, -66.70139
Manicouagan, 49.31167, -67.94972
La Mitis, 48.17056, -67.63917
Sept-Rivières – Caniapiscau, 50.56917, -66.56500
Manicouagan, 49.37500, -67.66694
Sept-Rivières – Caniapiscau, 50.17472, -67.15278
La Matapédia, 48.41806, -67.80472
L'Islet, 47.10000, -69.98333
Pierre-De Saurel, 46.02500, -73.14167
L'Île-d'Orléans, 46.86333, -71.09750
La Côte-de-Gaspé, 48.95722, -64.33833
Témiscouata, 47.92000, -68.78528
Nicolet-Yamaska, 46.03306, -72.73389
Abitibi, 48.65000, -78.31667
Vaudreuil-Soulanges, 45.44500, -74.14500
La Tuque, 47.74417, -72.88111
Drummond, 45.70361, -72.20667
Vaudreuil-Soulanges, 45.43333, -74.38333
Le Haut-Saint-Laurent, 45.18333, -73.85000
Robert-Cliche, 46.26667, -70.98333
Le Domaine-du-Roy, 48.68139, -72.47694
Le Granit, 45.46750, -70.85806
Les Sources, 45.79722, -71.88333
Les Basques, 48.11667, -69.18333
Mékinac, 47.00000, -72.75000
Francheville, 46.35000, -72.55000
Francheville, 46.32500, -72.60556
Minganie – Le Golfe-du-Saint-Laurent, 49.92611, -64.07861
L'Islet, 47.16083, -70.31611
L'Islet, 47.15472, -70.29556
Arthabaska, 46.05056, -71.69167
Kamouraska, 47.34917, -69.71250
Kamouraska, 47.36750, -69.73167
Le Haut-Saint-Laurent, 45.05000, -74.28333
Le Granit, 45.53889, -70.75833
Minganie – Le Golfe-du-Saint-Laurent, 51.16083, -58.56333
Minganie – Le Golfe-du-Saint-Laurent, 50.67306, -64.05806
Minganie – Le Golfe-du-Saint-Laurent, 50.22500, -63.99389
Nord-du-Québec, 56.08861, -64.72778
Nord-du-Québec, 61.40444, -71.58083
Le Haut-Saint-Laurent, 45.13833, -73.92028
Nord-du-Québec, 62.26167, -75.58555
Nord-du-Québec, 62.28083, -75.56528
Nord-du-Québec, 55.01139, -78.44167
Nord-du-Québec, 58.83306, -65.79167
Nord-du-Québec, 60.15972, -69.70750
Nord-du-Québec, 61.54556, -71.71528
Nord-du-Québec, 62.26694, -75.03805
Nord-du-Québec, 62.33850, -76.11913
Nord-du-Québec, 58.33278, -77.88917
Nord-du-Québec, 59.20417, -77.97278
Montréal, 45.45889, -73.63028
Memphrémagog, 45.23194, -72.06444
Minganie – Le Golfe-du-Saint-Laurent, 51.62472, -57.26917
Témiscamingue, 46.90306, -78.85972
Nord-du-Québec, 59.90000, -73.62278
Nord-du-Québec, 58.29111, -77.45306
